"tide","id","mean_fix_rate"
"2020_402","31001000962",44.39
"2020_402","31001000963",24.31
"2020_402","31001000964",12.04
"2020_403","31001000962",33.82
"2020_403","31001000963",30.3
"2020_403","31001000964",34.98
"2020_404","31001000962",41.69
"2020_404","31001000963",25.55
"2020_404","31001000964",58.7
"2020_405","31001000962",34.08
"2020_405","31001000963",27.94
"2020_405","31001000964",42.94
"2020_406","31001000962",20.89
"2020_406","31001000963",58.25
"2020_406","31001000964",72.17
"2020_407","31001000962",58.77
"2020_407","31001000963",60.83
"2020_407","31001000964",60.87
"2020_408","31001000962",64.08
"2020_408","31001000963",58.48
"2020_408","31001000964",56.86
"2020_409","31001000962",45.18
"2020_409","31001000963",47.19
"2020_409","31001000964",44.84
"2020_410","31001000962",26.78
"2020_410","31001000963",39.78
"2020_410","31001000964",40.19
"2020_411","31001000962",43.88
"2020_411","31001000963",48.71
"2020_411","31001000964",50.06
"2020_412","31001000962",34.92
"2020_412","31001000963",47.31
"2020_412","31001000964",61.02
"2020_413","31001000962",25.37
"2020_413","31001000963",41.82
"2020_413","31001000964",54.82
"2020_414","31001000962",55.63
"2020_414","31001000963",51.61
"2020_414","31001000964",65.28
"2020_415","31001000962",39.66
"2020_415","31001000963",24.95
"2020_415","31001000964",42.22
"2020_416","31001000962",49.33
"2020_416","31001000963",20.4
"2020_416","31001000964",41.9
"2020_417","31001000962",18.1
"2020_417","31001000963",11.37
"2020_417","31001000964",49.75
"2020_418","31001000962",20.91
"2020_418","31001000963",28.15
"2020_418","31001000964",31.45
"2020_419","31001000962",29.61
"2020_419","31001000963",14.76
"2020_420","31001000962",40.05
"2020_420","31001000963",10.19
"2020_421","31001000963",9.21
"2020_422","31001000962",18.51
"2020_422","31001000963",15.56
"2020_423","31001000962",8.8
"2020_423","31001000964",13.84
"2020_424","31001000963",13.91
"2020_424","31001000964",19.02
"2020_425","31001000963",12.57
"2020_426","31001000963",9.84
"2020_426","31001000964",17.67
"2020_427","31001000963",16.3
"2020_427","31001000964",31.89
"2020_428","31001000962",21.54
"2020_428","31001000963",33.57
"2020_428","31001000964",38.8
"2020_429","31001000962",28.42
"2020_429","31001000963",43.9
"2020_429","31001000964",26.1
"2020_430","31001000962",33.83
"2020_430","31001000963",49.36
"2020_430","31001000964",27.33
"2020_431","31001000962",33.04
"2020_431","31001000963",22.5
"2020_431","31001000964",25.84
"2020_432","31001000962",41.79
"2020_432","31001000963",40.51
"2020_432","31001000964",23.56
"2020_433","31001000962",25.29
"2020_433","31001000963",44.87
"2020_433","31001000964",26.97
"2020_434","31001000962",20.43
"2020_434","31001000963",54.67
"2020_434","31001000964",37.54
"2020_435","31001000962",16.63
"2020_435","31001000963",54.67
"2020_435","31001000964",30.95
"2020_436","31001000962",34.79
"2020_436","31001000963",51.58
"2020_436","31001000964",37.67
"2020_437","31001000962",51.04
"2020_437","31001000963",55.66
"2020_437","31001000964",49.59
"2020_438","31001000962",30.42
"2020_438","31001000963",44.01
"2020_438","31001000964",49.78
"2020_439","31001000962",36.03
"2020_439","31001000963",54.69
"2020_439","31001000964",42.23
"2020_440","31001000962",40.62
"2020_440","31001000963",40.68
"2020_440","31001000964",42.99
"2020_441","31001000962",46.09
"2020_441","31001000963",48.06
"2020_441","31001000964",44.29
"2020_442","31001000962",23.6
"2020_442","31001000963",15.7
"2020_442","31001000964",38.78
"2020_443","31001000962",15.86
"2020_443","31001000964",38.47
"2020_444","31001000962",7.99
"2020_444","31001000964",26.12
"2020_445","31001000964",23.2
"2020_446","31001000964",22.96
"2020_447","31001000962",4.41
"2020_447","31001000964",28.92
"2020_448","31001000964",14.48
"2020_449","31001000962",5.96
"2020_450","31001000962",5.48
"2020_452","31001000962",8.84
"2020_457","31001000962",18.4
"2020_458","31001000962",9.94
"2020_459","31001000962",10.23
"2020_460","31001000962",14.1
"2020_461","31001000962",12.23
"2020_463","31001000962",18.72
"2020_464","31001000962",38.95
"2020_464","31001002006",51.12
"2020_464","31001002009",60.12
"2020_464","31001002011",8.76
"2020_464","31001002015",52.27
"2020_464","31001002016",36
"2020_465","31001000962",30.72
"2020_465","31001002006",22.84
"2020_465","31001002009",43.06
"2020_465","31001002015",62.24
"2020_465","31001002016",15.37
"2020_465","31001002005",21.22
"2020_465","31001002008",27.43
"2020_465","31001002014",43.27
"2020_465","31001002026",31.81
"2020_466","31001000962",18.42
"2020_466","31001002006",38.18
"2020_466","31001002009",49.67
"2020_466","31001002015",69.3
"2020_466","31001002008",46.14
"2020_466","31001002014",43.41
"2020_466","31001002026",28.76
"2020_467","31001002006",29.9
"2020_467","31001002009",49.5
"2020_467","31001002015",57.31
"2020_467","31001002014",41.67
"2020_467","31001002026",28
"2020_468","31001000962",11.45
"2020_468","31001002006",58.31
"2020_468","31001002009",62.06
"2020_468","31001002015",55.47
"2020_468","31001002014",58.63
"2020_468","31001002026",37.5
"2020_469","31001000962",12.17
"2020_469","31001002006",37.52
"2020_469","31001002009",35.6
"2020_469","31001002015",46.26
"2020_469","31001002014",19.89
"2020_469","31001002026",29.97
"2020_470","31001002006",19.31
"2020_470","31001002009",23.41
"2020_470","31001002015",41.31
"2020_470","31001002014",14.99
"2020_470","31001002026",12.79
"2020_471","31001000962",9.42
"2020_471","31001002006",40.33
"2020_471","31001002009",27.54
"2020_471","31001002015",29.59
"2020_471","31001002014",9.96
"2020_471","31001002026",28.2
"2020_472","31001000962",15.99
"2020_472","31001002006",26.17
"2020_472","31001002009",36.29
"2020_472","31001002015",31.43
"2020_472","31001002014",10.16
"2020_472","31001002026",30.67
"2020_473","31001000962",23.9
"2020_473","31001002006",25.53
"2020_473","31001002009",30.1
"2020_473","31001002015",37.09
"2020_473","31001002026",23.76
"2020_474","31001000962",23.91
"2020_474","31001002006",43.3
"2020_474","31001002009",14.36
"2020_474","31001002015",47.93
"2020_474","31001002026",25.75
"2020_475","31001000962",18.79
"2020_475","31001002006",24.02
"2020_475","31001002015",32.88
"2020_476","31001000962",14.84
"2020_476","31001002015",41.7
"2020_477","31001000962",13.47
"2020_477","31001002015",29.12
"2020_478","31001000962",23.11
"2020_478","31001002015",32.05
"2020_478","31001002026",9.91
"2020_479","31001000962",11.99
"2020_479","31001002015",31.6
"2020_479","31001002026",17.06
"2020_480","31001000962",13.05
"2020_480","31001002015",34.66
"2020_480","31001002026",25.93
"2020_481","31001000962",10.95
"2020_481","31001002015",20.34
"2020_481","31001002026",21.08
"2020_482","31001000962",15.5
"2020_482","31001002015",22.94
"2020_482","31001002026",18.47
"2020_483","31001000962",22.1
"2020_483","31001002015",42.06
"2020_483","31001002026",17.33
"2020_484","31001000962",24.75
"2020_484","31001002015",71.28
"2020_484","31001002026",24.2
"2020_485","31001000962",26.29
"2020_485","31001002015",66.85
"2020_485","31001002026",17.01
"2020_486","31001000962",53.79
"2020_486","31001002015",47.68
"2020_486","31001002026",31.35
"2020_487","31001000962",48.48
"2020_487","31001002015",64.82
"2020_487","31001002026",46.56
"2020_488","31001000962",37.09
"2020_488","31001002015",42.68
"2020_488","31001002026",29.12
"2020_489","31001000962",14.99
"2020_489","31001002015",21.74
"2020_489","31001002014",10.72
"2020_489","31001002026",14.09
"2020_490","31001000962",21.38
"2020_490","31001002015",41.7
"2020_490","31001002014",18.67
"2020_490","31001002026",24.47
"2020_491","31001000962",43.66
"2020_491","31001002015",62.62
"2020_491","31001002014",31.88
"2020_491","31001002026",43.25
"2020_492","31001000962",53.63
"2020_492","31001002015",57.97
"2020_492","31001002014",52.36
"2020_492","31001002026",58.83
"2020_493","31001000962",48.58
"2020_493","31001002015",87.65
"2020_493","31001002014",54.5
"2020_493","31001002026",70.87
"2020_494","31001000962",38.86
"2020_494","31001002015",79.29
"2020_494","31001002014",50.58
"2020_494","31001002026",49.33
"2020_495","31001000962",19.82
"2020_495","31001002015",85.15
"2020_495","31001002014",48.46
"2020_495","31001002026",41.5
"2020_496","31001000962",22.73
"2020_496","31001002015",25.94
"2020_496","31001002014",39.93
"2020_496","31001002026",31.42
"2020_497","31001000962",21.51
"2020_497","31001002014",29.92
"2020_497","31001002026",28.18
"2020_498","31001000962",17.8
"2020_498","31001002014",20.87
"2020_499","31001002014",14.12
"2020_500","31001002016",15.25
"2020_500","31001002014",9.32
"2020_501","31001000962",20.98
"2020_501","31001002016",23.05
"2020_501","31001002014",7.17
"2020_502","31001000962",24.27
"2020_502","31001002016",20.85
"2020_502","31001002014",14.78
"2020_503","31001000962",10.37
"2020_503","31001002016",18.59
"2020_503","31001002014",22.24
"2020_504","31001000962",14.41
"2020_504","31001002016",19.44
"2020_504","31001002014",22.21
"2020_505","31001000962",21.07
"2020_505","31001002016",20.94
"2020_505","31001002014",25.55
"2020_506","31001000962",17.49
"2020_506","31001002016",20.26
"2020_506","31001002014",18.04
"2020_507","31001000962",11.71
"2020_507","31001002016",21.61
"2020_507","31001002014",23.09
"2020_508","31001000962",9.75
"2020_508","31001002016",13.29
"2020_508","31001002014",18.2
"2020_509","31001000962",17.93
"2020_509","31001002016",19.7
"2020_509","31001002014",23.04
"2020_510","31001000962",10.44
"2020_512","31001002014",11.2
"2020_513","31001000962",15.73
"2020_513","31001002014",28.27
"2020_514","31001000962",21.34
"2020_514","31001002014",31.86
"2020_514","31001002020",23.08
"2020_514","31001002036",41.91
"2020_514","31001002066",48.67
"2020_514","31001002067",34.32
"2020_514","31001002070",33.06
"2020_514","31001002071",29.16
"2020_515","31001000962",19.08
"2020_515","31001002014",20.56
"2020_515","31001002020",33.71
"2020_515","31001002036",20.79
"2020_515","31001002066",43.88
"2020_515","31001002067",34.59
"2020_515","31001002070",12.4
"2020_515","31001002071",38.31
"2020_516","31001000962",15.92
"2020_516","31001002014",29.67
"2020_516","31001002020",31.75
"2020_516","31001002036",31.72
"2020_516","31001002067",43.1
"2020_516","31001002070",20.85
"2020_516","31001002071",39.75
"2020_516","31001002028",47.45
"2020_516","31001002037",24.35
"2020_516","31001002039",24.22
"2020_516","31001002069",11.38
"2020_516","31001002096",21.32
"2020_516","31001002112",32.42
"2020_516","31001002114",30.7
"2020_517","31001000962",31.12
"2020_517","31001002014",30.95
"2020_517","31001002020",25.45
"2020_517","31001002036",38.74
"2020_517","31001002067",36.76
"2020_517","31001002070",24.15
"2020_517","31001002071",39.92
"2020_517","31001002028",42.07
"2020_517","31001002037",37.32
"2020_517","31001002039",14.93
"2020_517","31001002069",19.2
"2020_517","31001002112",23.05
"2020_517","31001002114",16.84
"2020_518","31001000962",23.38
"2020_518","31001002014",35.51
"2020_518","31001002020",30.71
"2020_518","31001002036",36.02
"2020_518","31001002067",37.83
"2020_518","31001002070",24.8
"2020_518","31001002071",58.92
"2020_518","31001002028",48.68
"2020_518","31001002037",57.27
"2020_518","31001002039",27.88
"2020_518","31001002069",32.92
"2020_518","31001002112",42.77
"2020_518","31001002029",26.22
"2020_518","31001002035",27.28
"2020_518","31001002046",45.92
"2020_518","31001002072",6.03
"2020_518","31001002075",27.75
"2020_518","31001002077",11.15
"2020_518","31001002088",35.35
"2020_518","31001002094",38.74
"2020_518","31001002111",28.31
"2020_518","31001002115",47.09
"2020_518","31001002117",46.41
"2020_518","31001002122",33.02
"2020_519","31001000962",10.43
"2020_519","31001002014",27.56
"2020_519","31001002020",40.37
"2020_519","31001002036",28.91
"2020_519","31001002067",40.46
"2020_519","31001002070",27.4
"2020_519","31001002071",42.97
"2020_519","31001002028",44.97
"2020_519","31001002037",43.99
"2020_519","31001002039",37.5
"2020_519","31001002069",34.51
"2020_519","31001002096",10.37
"2020_519","31001002112",36.63
"2020_519","31001002029",33.29
"2020_519","31001002046",42.43
"2020_519","31001002075",29.24
"2020_519","31001002088",41.84
"2020_519","31001002094",26.9
"2020_519","31001002111",34.1
"2020_519","31001002115",42.72
"2020_519","31001002117",46.9
"2020_519","31001002122",44.6
"2020_520","31001000962",25.71
"2020_520","31001002014",33.68
"2020_520","31001002020",59.63
"2020_520","31001002067",44.29
"2020_520","31001002070",29.95
"2020_520","31001002071",58.21
"2020_520","31001002037",55.98
"2020_520","31001002039",30.32
"2020_520","31001002069",11.46
"2020_520","31001002096",9.38
"2020_520","31001002112",43.6
"2020_520","31001002029",37.53
"2020_520","31001002046",39.87
"2020_520","31001002075",33.33
"2020_520","31001002077",11.35
"2020_520","31001002088",43.08
"2020_520","31001002111",31.72
"2020_520","31001002115",46.54
"2020_520","31001002117",46.96
"2020_520","31001002122",48.25
"2020_520","31001002040",14.93
"2020_520","31001002078",35.59
"2020_520","31001002090",17.05
"2020_520","31001002091",38.05
"2020_520","31001002093",39.98
"2020_520","31001002110",21.04
"2020_520","31001002116",44.87
"2020_520","31001002126",18.4
"2020_520","31001002136",11.88
"2020_520","31001002138",39.38
"2020_520","31001002141",45.03
"2020_520","31001002146",39.02
"2020_520","31001002155",42.24
"2020_520","31001002161",28.12
"2020_520","31001002174",47.41
"2020_521","31001000962",31.38
"2020_521","31001002014",52.89
"2020_521","31001002020",53.73
"2020_521","31001002067",41.02
"2020_521","31001002070",54.74
"2020_521","31001002071",65.74
"2020_521","31001002037",57.58
"2020_521","31001002039",32.81
"2020_521","31001002096",17.37
"2020_521","31001002112",56.38
"2020_521","31001002029",50.06
"2020_521","31001002046",39.94
"2020_521","31001002075",34.2
"2020_521","31001002077",13.09
"2020_521","31001002088",54.14
"2020_521","31001002111",55.71
"2020_521","31001002115",61.85
"2020_521","31001002117",66.63
"2020_521","31001002122",53.77
"2020_521","31001002078",55.58
"2020_521","31001002091",37.5
"2020_521","31001002093",38
"2020_521","31001002110",35.77
"2020_521","31001002116",28.71
"2020_521","31001002126",11.18
"2020_521","31001002138",34.27
"2020_521","31001002141",51.18
"2020_521","31001002146",46.28
"2020_521","31001002155",48.68
"2020_521","31001002161",34.62
"2020_521","31001002174",36.42
"2020_522","31001000962",23.11
"2020_522","31001002014",39.03
"2020_522","31001002020",59.24
"2020_522","31001002067",49.75
"2020_522","31001002070",31.27
"2020_522","31001002071",37.1
"2020_522","31001002037",41.38
"2020_522","31001002039",31.78
"2020_522","31001002069",15.56
"2020_522","31001002112",34.38
"2020_522","31001002029",23.5
"2020_522","31001002075",23.33
"2020_522","31001002077",17.47
"2020_522","31001002088",25.91
"2020_522","31001002111",28.56
"2020_522","31001002115",30.91
"2020_522","31001002117",50.94
"2020_522","31001002122",23.34
"2020_522","31001002078",28.85
"2020_522","31001002091",9.54
"2020_522","31001002110",21.69
"2020_522","31001002116",22.2
"2020_522","31001002141",19.25
"2020_522","31001002146",33.02
"2020_522","31001002155",33.81
"2020_522","31001002161",9.61
"2020_522","31001002174",9.54
"2020_522","31001002099",11.54
"2020_522","31001002129",31.35
"2020_522","31001002130",26.06
"2020_522","31001002131",20.41
"2020_522","31001002132",24.04
"2020_522","31001002133",31.96
"2020_522","31001002135",15.68
"2020_522","31001002143",24.72
"2020_522","31001002144",43.62
"2020_522","31001002148",11.89
"2020_522","31001002149",10.42
"2020_522","31001002156",26.03
"2020_522","31001002157",31.37
"2020_522","31001002166",11.94
"2020_522","31001002167",29.11
"2020_522","31001002171",24.3
"2020_522","31001002172",8.89
"2020_522","31001002173",9.94
"2020_523","31001000962",25.31
"2020_523","31001002014",25.92
"2020_523","31001002020",49.22
"2020_523","31001002067",34.41
"2020_523","31001002070",19.69
"2020_523","31001002071",14.48
"2020_523","31001002037",21.95
"2020_523","31001002039",25.13
"2020_523","31001002069",21.27
"2020_523","31001002112",17.1
"2020_523","31001002029",29.33
"2020_523","31001002075",13.88
"2020_523","31001002077",5.92
"2020_523","31001002088",20.96
"2020_523","31001002111",15.82
"2020_523","31001002115",28.49
"2020_523","31001002117",55.38
"2020_523","31001002122",28.62
"2020_523","31001002078",28.25
"2020_523","31001002091",8.55
"2020_523","31001002110",22.13
"2020_523","31001002116",7.93
"2020_523","31001002141",19.47
"2020_523","31001002146",20.12
"2020_523","31001002155",36.79
"2020_523","31001002099",25.27
"2020_523","31001002129",14.42
"2020_523","31001002130",24.02
"2020_523","31001002131",15.81
"2020_523","31001002132",12.32
"2020_523","31001002133",34.36
"2020_523","31001002135",13.48
"2020_523","31001002143",21.19
"2020_523","31001002144",18.74
"2020_523","31001002149",9.13
"2020_523","31001002156",15.98
"2020_523","31001002157",16.24
"2020_523","31001002167",42.02
"2020_523","31001002171",16.58
"2020_524","31001000962",15.69
"2020_524","31001002014",10.12
"2020_524","31001002020",37.88
"2020_524","31001002067",14.6
"2020_524","31001002071",13.31
"2020_524","31001002037",10.67
"2020_524","31001002112",19.17
"2020_524","31001002029",16.32
"2020_524","31001002075",8.25
"2020_524","31001002077",7.73
"2020_524","31001002117",36.19
"2020_524","31001002122",20.88
"2020_524","31001002116",15.78
"2020_524","31001002141",7.92
"2020_524","31001002155",11.55
"2020_524","31001002099",13.26
"2020_524","31001002129",7.78
"2020_524","31001002130",11.88
"2020_524","31001002133",27.99
"2020_524","31001002144",13.3
"2020_524","31001002157",7.08
"2020_524","31001002167",24.87
"2020_524","31001002177",9.38
"2020_524","31001002181",18.47
"2020_524","31001002186",7.92
"2020_524","31001002187",14.54
"2020_525","31001002020",13.27
"2020_525","31001002071",9.4
"2020_525","31001002112",9.69
"2020_525","31001002117",16.97
"2020_525","31001002116",12.46
"2020_525","31001002133",15.11
"2020_525","31001002181",9.72
"2020_526","31001000962",11.32
"2020_526","31001002020",17.94
"2020_526","31001002067",13.72
"2020_526","31001002070",19.41
"2020_526","31001002071",16.23
"2020_526","31001002037",13.75
"2020_526","31001002069",23.36
"2020_526","31001002112",13.46
"2020_526","31001002029",14.91
"2020_526","31001002077",10.03
"2020_526","31001002088",13.76
"2020_526","31001002111",18.37
"2020_526","31001002115",15.2
"2020_526","31001002117",31.68
"2020_526","31001002122",21.68
"2020_526","31001002091",16.29
"2020_526","31001002110",17.47
"2020_526","31001002116",13.66
"2020_526","31001002141",11.38
"2020_526","31001002155",21.02
"2020_526","31001002099",15.08
"2020_526","31001002129",16.42
"2020_526","31001002132",12.06
"2020_526","31001002133",23.53
"2020_526","31001002143",9.83
"2020_526","31001002156",16.62
"2020_526","31001002157",9.44
"2020_526","31001002167",24.35
"2020_526","31001002177",11.77
"2020_526","31001002181",25.74
"2020_526","31001002187",15.07
"2020_527","31001002020",17.61
"2020_527","31001002067",21.71
"2020_527","31001002070",15.83
"2020_527","31001002071",18.5
"2020_527","31001002037",8.71
"2020_527","31001002039",15.88
"2020_527","31001002069",24.52
"2020_527","31001002112",24.72
"2020_527","31001002029",9.94
"2020_527","31001002088",20.84
"2020_527","31001002111",11.63
"2020_527","31001002115",10.27
"2020_527","31001002117",25.05
"2020_527","31001002122",26.77
"2020_527","31001002040",20.91
"2020_527","31001002091",24.39
"2020_527","31001002110",23.24
"2020_527","31001002141",20.07
"2020_527","31001002155",33.73
"2020_527","31001002099",19.01
"2020_527","31001002129",18.81
"2020_527","31001002132",10.16
"2020_527","31001002133",27.03
"2020_527","31001002143",13.41
"2020_527","31001002156",20.79
"2020_527","31001002167",24.54
"2020_527","31001002177",11.97
"2020_527","31001002181",14.28
"2020_527","31001002187",22.53
"2020_527","31001002120",8.79
"2020_528","31001002020",19.38
"2020_528","31001002067",29.97
"2020_528","31001002070",10.38
"2020_528","31001002071",23.58
"2020_528","31001002037",19.28
"2020_528","31001002039",21.79
"2020_528","31001002069",15.45
"2020_528","31001002075",22.17
"2020_528","31001002077",18.01
"2020_528","31001002088",27.07
"2020_528","31001002111",13.34
"2020_528","31001002115",9.24
"2020_528","31001002117",21.72
"2020_528","31001002122",35.05
"2020_528","31001002040",27.01
"2020_528","31001002078",10.2
"2020_528","31001002091",32.23
"2020_528","31001002110",21.53
"2020_528","31001002141",28.57
"2020_528","31001002155",26.8
"2020_528","31001002129",28.45
"2020_528","31001002133",24.74
"2020_528","31001002143",19.43
"2020_528","31001002156",18.55
"2020_528","31001002167",20.59
"2020_528","31001002177",11.46
"2020_528","31001002187",21.44
"2020_529","31001000962",17.03
"2020_529","31001002020",16.03
"2020_529","31001002067",16.04
"2020_529","31001002070",14.19
"2020_529","31001002071",13.65
"2020_529","31001002037",26.19
"2020_529","31001002039",17.47
"2020_529","31001002069",10.59
"2020_529","31001002075",14.94
"2020_529","31001002077",14.01
"2020_529","31001002088",17.12
"2020_529","31001002111",19.92
"2020_529","31001002115",13.2
"2020_529","31001002117",16.68
"2020_529","31001002122",20.89
"2020_529","31001002040",20.6
"2020_529","31001002078",17
"2020_529","31001002091",19.27
"2020_529","31001002110",16.1
"2020_529","31001002141",14.16
"2020_529","31001002155",17.36
"2020_529","31001002129",47.58
"2020_529","31001002132",10.53
"2020_529","31001002133",28.54
"2020_529","31001002143",23.62
"2020_529","31001002156",12.53
"2020_529","31001002157",10.74
"2020_529","31001002167",31.28
"2020_529","31001002177",14.68
"2020_529","31001002187",17.05
"2020_529","31001002176",11.02
"2020_530","31001000962",18.99
"2020_530","31001002020",19.74
"2020_530","31001002067",22.41
"2020_530","31001002070",19.38
"2020_530","31001002071",12.53
"2020_530","31001002037",15.95
"2020_530","31001002039",17.61
"2020_530","31001002069",12.59
"2020_530","31001002075",21.85
"2020_530","31001002111",10.75
"2020_530","31001002115",14.2
"2020_530","31001002117",9.7
"2020_530","31001002122",22.99
"2020_530","31001002040",14.79
"2020_530","31001002078",13.5
"2020_530","31001002091",21.59
"2020_530","31001002110",13.6
"2020_530","31001002141",12.55
"2020_530","31001002155",25.63
"2020_530","31001002099",12.03
"2020_530","31001002129",34.23
"2020_530","31001002132",22.52
"2020_530","31001002133",12.22
"2020_530","31001002143",19.94
"2020_530","31001002157",14.45
"2020_530","31001002167",31.45
"2020_530","31001002177",11.05
"2020_530","31001002187",13.62
"2020_530","31001002176",14.13
"2020_531","31001000962",12.89
"2020_531","31001002020",24.5
"2020_531","31001002067",21.31
"2020_531","31001002070",13.51
"2020_531","31001002071",18.41
"2020_531","31001002037",24.16
"2020_531","31001002039",23.98
"2020_531","31001002069",19.23
"2020_531","31001002075",12.33
"2020_531","31001002111",14.96
"2020_531","31001002115",18.28
"2020_531","31001002117",25.61
"2020_531","31001002122",21.59
"2020_531","31001002040",15.57
"2020_531","31001002091",25.61
"2020_531","31001002110",18.26
"2020_531","31001002141",12.59
"2020_531","31001002155",24.5
"2020_531","31001002099",13.08
"2020_531","31001002129",24.09
"2020_531","31001002132",30.88
"2020_531","31001002133",15.88
"2020_531","31001002143",20.4
"2020_531","31001002157",20.58
"2020_531","31001002167",31.41
"2020_531","31001002177",10.8
"2020_531","31001002181",9.53
"2020_531","31001002187",19.3
"2020_531","31001002176",12.66
"2020_531","31001002125",13.9
"2020_532","31001000962",20.13
"2020_532","31001002020",38.88
"2020_532","31001002067",30.37
"2020_532","31001002071",32.21
"2020_532","31001002037",39.25
"2020_532","31001002039",20.92
"2020_532","31001002069",19.63
"2020_532","31001002075",15.85
"2020_532","31001002111",27.26
"2020_532","31001002115",17.99
"2020_532","31001002117",50.08
"2020_532","31001002122",33.13
"2020_532","31001002040",19.86
"2020_532","31001002091",33.5
"2020_532","31001002110",36.34
"2020_532","31001002141",27.46
"2020_532","31001002155",36.61
"2020_532","31001002099",22.15
"2020_532","31001002129",31.41
"2020_532","31001002132",23.71
"2020_532","31001002133",31.9
"2020_532","31001002143",37.45
"2020_532","31001002156",25.3
"2020_532","31001002157",39.21
"2020_532","31001002167",52.78
"2020_532","31001002177",18.54
"2020_532","31001002181",37.36
"2020_532","31001002187",34.07
"2020_532","31001002120",15.53
"2020_532","31001002176",18.85
"2020_532","31001002125",22.19
"2020_533","31001000962",26.22
"2020_533","31001002020",43.51
"2020_533","31001002067",35.17
"2020_533","31001002071",35.54
"2020_533","31001002037",34.56
"2020_533","31001002075",29.8
"2020_533","31001002111",25.28
"2020_533","31001002115",29.49
"2020_533","31001002117",43.71
"2020_533","31001002122",39.95
"2020_533","31001002091",14.63
"2020_533","31001002110",34.81
"2020_533","31001002141",33.77
"2020_533","31001002155",40.96
"2020_533","31001002099",12.12
"2020_533","31001002129",20.67
"2020_533","31001002131",10.73
"2020_533","31001002132",30.6
"2020_533","31001002133",41.56
"2020_533","31001002143",38.5
"2020_533","31001002156",30.42
"2020_533","31001002157",40.61
"2020_533","31001002167",51.86
"2020_533","31001002181",36.68
"2020_533","31001002187",34.59
"2020_533","31001002176",9.74
"2020_534","31001000962",22.56
"2020_534","31001002020",40.75
"2020_534","31001002067",31.42
"2020_534","31001002071",27.43
"2020_534","31001002037",40.39
"2020_534","31001002075",31.77
"2020_534","31001002111",30.44
"2020_534","31001002115",26.31
"2020_534","31001002117",46.06
"2020_534","31001002122",31.73
"2020_534","31001002110",29.31
"2020_534","31001002141",28.63
"2020_534","31001002155",40.24
"2020_534","31001002099",21.12
"2020_534","31001002129",28.81
"2020_534","31001002132",22.27
"2020_534","31001002133",32.3
"2020_534","31001002143",36.21
"2020_534","31001002156",20.94
"2020_534","31001002157",29.04
"2020_534","31001002167",35.76
"2020_534","31001002181",25.29
"2020_534","31001002187",21.79
"2020_534","31001002120",11.43
"2020_535","31001002020",24.93
"2020_535","31001002067",20.6
"2020_535","31001002071",18.99
"2020_535","31001002037",26.86
"2020_535","31001002075",10.88
"2020_535","31001002111",25.52
"2020_535","31001002115",20.75
"2020_535","31001002117",25.96
"2020_535","31001002122",17.2
"2020_535","31001002040",10.69
"2020_535","31001002091",22.34
"2020_535","31001002110",15.54
"2020_535","31001002141",21.5
"2020_535","31001002155",26.91
"2020_535","31001002129",15.41
"2020_535","31001002132",9.86
"2020_535","31001002133",32.93
"2020_535","31001002143",29.83
"2020_535","31001002156",10.3
"2020_535","31001002157",23.49
"2020_535","31001002167",25.41
"2020_535","31001002187",19.78
"2020_536","31001002020",44.9
"2020_536","31001002067",23.11
"2020_536","31001002071",44.83
"2020_536","31001002037",44.69
"2020_536","31001002075",12.78
"2020_536","31001002111",27.94
"2020_536","31001002115",34.1
"2020_536","31001002117",52.83
"2020_536","31001002122",32.85
"2020_536","31001002040",11.27
"2020_536","31001002078",9.34
"2020_536","31001002091",28.36
"2020_536","31001002110",22.58
"2020_536","31001002141",35
"2020_536","31001002155",52.61
"2020_536","31001002129",31.78
"2020_536","31001002132",27.11
"2020_536","31001002133",32.58
"2020_536","31001002143",46.78
"2020_536","31001002156",26.04
"2020_536","31001002157",38.89
"2020_536","31001002167",40.23
"2020_536","31001002187",41.21
"2020_536","31001002163",9.86
"2020_537","31001002020",41.1
"2020_537","31001002067",25.42
"2020_537","31001002071",44.08
"2020_537","31001002037",32.85
"2020_537","31001002075",29.6
"2020_537","31001002111",28.61
"2020_537","31001002115",29.65
"2020_537","31001002117",48.92
"2020_537","31001002122",36.36
"2020_537","31001002078",27.88
"2020_537","31001002091",20.49
"2020_537","31001002110",31
"2020_537","31001002141",29.74
"2020_537","31001002155",47.8
"2020_537","31001002129",35.85
"2020_537","31001002132",19.71
"2020_537","31001002133",33.79
"2020_537","31001002143",42.69
"2020_537","31001002156",20.96
"2020_537","31001002157",31.96
"2020_537","31001002167",34.09
"2020_537","31001002187",40.68
"2020_537","31001002163",10.05
"2020_537","31001002159",27.19
"2020_538","31001000962",14.01
"2020_538","31001002020",35.6
"2020_538","31001002067",24.33
"2020_538","31001002071",30.05
"2020_538","31001002037",56.96
"2020_538","31001002075",31.24
"2020_538","31001002111",30.98
"2020_538","31001002115",36.23
"2020_538","31001002117",40.81
"2020_538","31001002122",36.47
"2020_538","31001002078",21.25
"2020_538","31001002091",24.72
"2020_538","31001002110",38.84
"2020_538","31001002141",27.26
"2020_538","31001002155",41.7
"2020_538","31001002129",34.42
"2020_538","31001002133",44.57
"2020_538","31001002143",28.18
"2020_538","31001002156",19.76
"2020_538","31001002157",22.41
"2020_538","31001002167",32.44
"2020_538","31001002187",22.92
"2020_538","31001002159",26.68
"2020_539","31001002020",18.11
"2020_539","31001002067",15.22
"2020_539","31001002037",43.58
"2020_539","31001002075",18.85
"2020_539","31001002111",23.94
"2020_539","31001002115",16.88
"2020_539","31001002117",37.55
"2020_539","31001002122",15.96
"2020_539","31001002091",11.5
"2020_539","31001002110",20.64
"2020_539","31001002141",18.07
"2020_539","31001002155",43.4
"2020_539","31001002174",12.07
"2020_539","31001002129",29.64
"2020_539","31001002133",33.13
"2020_539","31001002156",14.85
"2020_539","31001002167",14.79
"2020_539","31001002159",12.01
"2020_540","31001002020",31.58
"2020_540","31001002067",17.13
"2020_540","31001002037",26.49
"2020_540","31001002075",21.71
"2020_540","31001002111",33.31
"2020_540","31001002115",31.04
"2020_540","31001002117",34.42
"2020_540","31001002122",22.69
"2020_540","31001002078",10.72
"2020_540","31001002091",19.4
"2020_540","31001002110",33.34
"2020_540","31001002141",18.5
"2020_540","31001002155",26.67
"2020_540","31001002129",21.64
"2020_540","31001002133",32.29
"2020_540","31001002156",11.96
"2020_540","31001002167",34.21
"2020_540","31001002187",14.73
"2020_540","31001002159",21.11
"2020_541","31001002020",27.85
"2020_541","31001002037",28.99
"2020_541","31001002075",32.44
"2020_541","31001002111",22.51
"2020_541","31001002115",26.35
"2020_541","31001002117",36.19
"2020_541","31001002078",24.74
"2020_541","31001002091",24.4
"2020_541","31001002110",31.74
"2020_541","31001002141",18.62
"2020_541","31001002129",23.92
"2020_541","31001002133",29.31
"2020_541","31001002144",9.33
"2020_541","31001002156",14.98
"2020_541","31001002157",24.63
"2020_541","31001002167",41.51
"2020_541","31001002187",14.39
"2020_541","31001002163",10.14
"2020_541","31001002159",13.61
"2020_542","31001002020",38.45
"2020_542","31001002037",41.49
"2020_542","31001002075",19.67
"2020_542","31001002111",21.64
"2020_542","31001002115",30.38
"2020_542","31001002117",43.48
"2020_542","31001002078",24.95
"2020_542","31001002091",23.08
"2020_542","31001002110",40.7
"2020_542","31001002141",23.26
"2020_542","31001002129",23.35
"2020_542","31001002133",33.51
"2020_542","31001002156",24.55
"2020_542","31001002157",29.78
"2020_542","31001002167",34.74
"2020_542","31001002187",14.69
"2020_542","31001002163",9.9
"2020_542","31001002159",12.3
"2020_543","31001002020",23.49
"2020_543","31001002037",22.8
"2020_543","31001002075",25.14
"2020_543","31001002111",12.5
"2020_543","31001002115",19.79
"2020_543","31001002117",48.21
"2020_543","31001002091",17.04
"2020_543","31001002110",21.6
"2020_543","31001002141",15.28
"2020_543","31001002129",31.31
"2020_543","31001002133",39.58
"2020_543","31001002156",12.52
"2020_543","31001002157",11.88
"2020_543","31001002167",20.67
"2020_543","31001002187",10.3
"2020_544","31001002020",36.01
"2020_544","31001002037",41.31
"2020_544","31001002075",17.84
"2020_544","31001002111",20.95
"2020_544","31001002115",34.53
"2020_544","31001002117",43.96
"2020_544","31001002091",35.74
"2020_544","31001002110",28.37
"2020_544","31001002141",27.03
"2020_544","31001002129",21.75
"2020_544","31001002133",42.27
"2020_544","31001002156",30.45
"2020_544","31001002157",22.84
"2020_544","31001002167",28.26
"2020_544","31001002187",14.31
"2020_545","31001002020",45.8
"2020_545","31001002037",31.91
"2020_545","31001002075",20.41
"2020_545","31001002111",33.63
"2020_545","31001002115",40.42
"2020_545","31001002117",39.41
"2020_545","31001002078",20.21
"2020_545","31001002091",35.36
"2020_545","31001002110",29.32
"2020_545","31001002141",37.18
"2020_545","31001002129",33.89
"2020_545","31001002131",9.06
"2020_545","31001002133",33.57
"2020_545","31001002144",24.57
"2020_545","31001002156",31.41
"2020_545","31001002157",22.58
"2020_545","31001002167",34.21
"2020_545","31001002187",22.6
"2020_546","31001002020",36.41
"2020_546","31001002070",11.28
"2020_546","31001002037",47.43
"2020_546","31001002075",20.72
"2020_546","31001002111",28.2
"2020_546","31001002115",29.36
"2020_546","31001002117",50.5
"2020_546","31001002078",23.05
"2020_546","31001002091",27.73
"2020_546","31001002110",31.85
"2020_546","31001002141",35.32
"2020_546","31001002129",34.28
"2020_546","31001002131",13.84
"2020_546","31001002133",27.04
"2020_546","31001002144",26.41
"2020_546","31001002156",28.83
"2020_546","31001002157",26.44
"2020_546","31001002167",34.57
"2020_546","31001002187",26.1
"2020_547","31001002020",50.63
"2020_547","31001002037",46.72
"2020_547","31001002075",11.31
"2020_547","31001002111",24.31
"2020_547","31001002115",33.6
"2020_547","31001002117",38.51
"2020_547","31001002078",25.77
"2020_547","31001002091",27.96
"2020_547","31001002110",39.51
"2020_547","31001002141",35.32
"2020_547","31001002129",38.92
"2020_547","31001002133",27.42
"2020_547","31001002144",12.13
"2020_547","31001002156",45.3
"2020_547","31001002157",35.02
"2020_547","31001002167",43.57
"2020_547","31001002187",28.45
"2020_548","31001002020",40.1
"2020_548","31001002037",32.9
"2020_548","31001002075",12.04
"2020_548","31001002111",24.12
"2020_548","31001002115",31.4
"2020_548","31001002117",47.35
"2020_548","31001002078",30.58
"2020_548","31001002091",28.25
"2020_548","31001002110",30.83
"2020_548","31001002141",28.75
"2020_548","31001002129",31.88
"2020_548","31001002133",29.88
"2020_548","31001002144",20.19
"2020_548","31001002156",28.96
"2020_548","31001002157",33.07
"2020_548","31001002167",31.81
"2020_548","31001002187",19.57
"2020_549","31001002020",36.38
"2020_549","31001002070",20.82
"2020_549","31001002037",31.63
"2020_549","31001002075",10.69
"2020_549","31001002111",28.69
"2020_549","31001002115",31.14
"2020_549","31001002117",49.13
"2020_549","31001002078",21.51
"2020_549","31001002091",21.64
"2020_549","31001002110",43.1
"2020_549","31001002141",23.83
"2020_549","31001002129",22.14
"2020_549","31001002131",22.29
"2020_549","31001002133",36.13
"2020_549","31001002144",28.83
"2020_549","31001002156",26.48
"2020_549","31001002157",24.9
"2020_549","31001002167",28.28
"2020_549","31001002187",18.32
"2020_550","31001002020",29.05
"2020_550","31001002070",19.02
"2020_550","31001002037",29.33
"2020_550","31001002075",12.61
"2020_550","31001002111",25.05
"2020_550","31001002115",23.25
"2020_550","31001002117",34.06
"2020_550","31001002078",23.51
"2020_550","31001002091",19.37
"2020_550","31001002110",35.37
"2020_550","31001002141",20.44
"2020_550","31001002129",22.24
"2020_550","31001002131",26.28
"2020_550","31001002133",30.01
"2020_550","31001002144",23.12
"2020_550","31001002156",20.55
"2020_550","31001002157",26.93
"2020_550","31001002167",22.94
"2020_550","31001002187",18.6
"2020_551","31001002020",31.56
"2020_551","31001002070",18.34
"2020_551","31001002037",25
"2020_551","31001002075",11.25
"2020_551","31001002111",15.41
"2020_551","31001002115",9.15
"2020_551","31001002117",32.5
"2020_551","31001002078",9.85
"2020_551","31001002091",10.29
"2020_551","31001002110",25.87
"2020_551","31001002141",26.09
"2020_551","31001002131",16.03
"2020_551","31001002133",18.29
"2020_551","31001002144",14.82
"2020_551","31001002156",9.77
"2020_551","31001002157",28.33
"2020_551","31001002167",25.67
"2020_551","31001002187",26.32
"2020_552","31001002020",26.57
"2020_552","31001002070",17.72
"2020_552","31001002037",27.1
"2020_552","31001002075",9.56
"2020_552","31001002111",11.33
"2020_552","31001002117",23.36
"2020_552","31001002091",12.2
"2020_552","31001002110",24.72
"2020_552","31001002141",21.05
"2020_552","31001002129",10.69
"2020_552","31001002131",11.51
"2020_552","31001002133",15.12
"2020_552","31001002144",12.54
"2020_552","31001002157",19.7
"2020_552","31001002167",24.42
"2020_552","31001002187",24.83
"2020_553","31001002020",35.33
"2020_553","31001002070",21.56
"2020_553","31001002037",24.29
"2020_553","31001002075",27.36
"2020_553","31001002111",11.54
"2020_553","31001002117",24.17
"2020_553","31001002078",15.98
"2020_553","31001002091",21.36
"2020_553","31001002110",29.53
"2020_553","31001002141",30.9
"2020_553","31001002131",25.42
"2020_553","31001002133",28.37
"2020_553","31001002144",17.3
"2020_553","31001002148",15.5
"2020_553","31001002156",27.08
"2020_553","31001002157",27.27
"2020_553","31001002167",25.5
"2020_553","31001002187",21.79
"2020_554","31001002020",34.9
"2020_554","31001002070",24.13
"2020_554","31001002037",29.51
"2020_554","31001002075",29.41
"2020_554","31001002117",30.27
"2020_554","31001002078",17.2
"2020_554","31001002091",28.4
"2020_554","31001002110",33.24
"2020_554","31001002141",44.59
"2020_554","31001002131",26.84
"2020_554","31001002133",31.32
"2020_554","31001002144",21.24
"2020_554","31001002148",23.97
"2020_554","31001002156",19.18
"2020_554","31001002157",30.72
"2020_554","31001002167",26.96
"2020_554","31001002187",25.14
"2020_555","31001002020",20.15
"2020_555","31001002066",13.73
"2020_555","31001002070",23.22
"2020_555","31001002037",26.62
"2020_555","31001002029",19.93
"2020_555","31001002075",12.08
"2020_555","31001002117",36.66
"2020_555","31001002091",23.7
"2020_555","31001002110",23.19
"2020_555","31001002141",43.14
"2020_555","31001002131",17.05
"2020_555","31001002133",15.93
"2020_555","31001002144",12.23
"2020_555","31001002157",19.42
"2020_555","31001002167",26.5
"2020_555","31001002181",10.59
"2020_555","31001002187",15.15
"2020_556","31001002020",23.37
"2020_556","31001002066",8.68
"2020_556","31001002070",25.25
"2020_556","31001002037",27.94
"2020_556","31001002029",22.05
"2020_556","31001002117",13.19
"2020_556","31001002091",30.43
"2020_556","31001002110",13.37
"2020_556","31001002141",37.48
"2020_556","31001002131",13.3
"2020_556","31001002133",23.15
"2020_556","31001002144",21.89
"2020_556","31001002157",27.48
"2020_556","31001002167",32.66
"2020_556","31001002181",12.19
"2020_556","31001002187",17.2
"2020_557","31001002020",14.95
"2020_557","31001002070",17.96
"2020_557","31001002071",12.33
"2020_557","31001002037",11.46
"2020_557","31001002029",16.04
"2020_557","31001002091",18.71
"2020_557","31001002110",12.97
"2020_557","31001002141",21.19
"2020_557","31001002131",10.77
"2020_557","31001002133",17.02
"2020_557","31001002144",14.85
"2020_557","31001002157",15.51
"2020_557","31001002167",15.37
"2020_557","31001002181",10.85
"2020_557","31001002187",14.1
"2020_558","31001002029",14.61
"2020_558","31001002078",9.77
"2020_558","31001002091",13.91
"2020_558","31001002131",8.91
"2020_558","31001002167",11.3
"2020_558","31001002187",10.21
"2020_559","31001002020",18.96
"2020_559","31001002070",19.46
"2020_559","31001002037",11.45
"2020_559","31001002029",18.74
"2020_559","31001002075",16.96
"2020_559","31001002078",22.62
"2020_559","31001002091",16.96
"2020_559","31001002110",14.7
"2020_559","31001002141",14.05
"2020_559","31001002131",12.46
"2020_559","31001002133",9.25
"2020_559","31001002157",13.25
"2020_559","31001002167",21.39
"2020_559","31001002181",5.04
"2020_559","31001002187",9.85
"2020_560","31001002020",23.53
"2020_560","31001002070",16.64
"2020_560","31001002037",22.42
"2020_560","31001002029",28.66
"2020_560","31001002075",30.84
"2020_560","31001002078",20.42
"2020_560","31001002091",12.07
"2020_560","31001002110",25.87
"2020_560","31001002141",16.83
"2020_560","31001002131",15.75
"2020_560","31001002133",16.77
"2020_560","31001002144",18.28
"2020_560","31001002167",26.51
"2020_560","31001002181",16
"2020_560","31001002187",13.42
"2020_561","31001002020",21.67
"2020_561","31001002070",14.54
"2020_561","31001002037",22.39
"2020_561","31001002029",26.36
"2020_561","31001002075",20.75
"2020_561","31001002091",14.15
"2020_561","31001002110",20.04
"2020_561","31001002141",14.38
"2020_561","31001002131",16.38
"2020_561","31001002133",20.15
"2020_561","31001002144",28.1
"2020_561","31001002167",21.32
"2020_561","31001002181",15.57
"2020_561","31001002187",12.03
"2020_562","31001002020",15.35
"2020_562","31001002070",9.39
"2020_562","31001002037",12.65
"2020_562","31001002029",20.14
"2020_562","31001002075",16.39
"2020_562","31001002091",19.5
"2020_562","31001002110",20.82
"2020_562","31001002141",19.08
"2020_562","31001002131",15.1
"2020_562","31001002132",16.91
"2020_562","31001002133",10.96
"2020_562","31001002144",18.53
"2020_562","31001002157",17.96
"2020_562","31001002167",20.99
"2020_562","31001002181",14.6
"2020_562","31001002187",14.6
"2020_563","31001002020",23.57
"2020_563","31001002070",18.85
"2020_563","31001002037",21.14
"2020_563","31001002029",26.98
"2020_563","31001002075",19.17
"2020_563","31001002091",24.35
"2020_563","31001002110",30.07
"2020_563","31001002141",24.3
"2020_563","31001002131",18.74
"2020_563","31001002132",23.92
"2020_563","31001002133",18.03
"2020_563","31001002144",21.31
"2020_563","31001002157",25.57
"2020_563","31001002167",30.26
"2020_563","31001002181",18.49
"2020_563","31001002187",15.13
"2020_564","31001002020",15.45
"2020_564","31001002037",17.89
"2020_564","31001002029",18.35
"2020_564","31001002075",13.69
"2020_564","31001002078",14.44
"2020_564","31001002091",18.97
"2020_564","31001002110",13.95
"2020_564","31001002141",11.68
"2020_564","31001002132",23.65
"2020_564","31001002133",9.63
"2020_564","31001002144",11.66
"2020_564","31001002157",5.96
"2020_564","31001002167",24.75
"2020_564","31001002187",17.95
"2020_565","31001002020",28.68
"2020_565","31001002037",39.65
"2020_565","31001002029",25.25
"2020_565","31001002075",19.46
"2020_565","31001002078",19.61
"2020_565","31001002091",26.17
"2020_565","31001002110",21.79
"2020_565","31001002141",17.81
"2020_565","31001002132",36.27
"2020_565","31001002133",16.77
"2020_565","31001002144",15.59
"2020_565","31001002157",15.43
"2020_565","31001002167",32.66
"2020_565","31001002181",8.81
"2020_565","31001002187",21.02
"2020_565","31001002190",24.42
"2020_565","31001002191",27.96
"2020_565","31001002195",14.7
"2020_565","31001002196",23.85
"2020_565","31001002197",19.68
"2020_565","31001002198",15.31
"2020_565","31001002200",21.34
"2020_565","31001002205",20.9
"2020_566","31001002020",29.18
"2020_566","31001002070",15.19
"2020_566","31001002037",37.97
"2020_566","31001002029",23.89
"2020_566","31001002075",21.82
"2020_566","31001002094",10.53
"2020_566","31001002091",21.54
"2020_566","31001002110",21.67
"2020_566","31001002141",21.08
"2020_566","31001002132",11.38
"2020_566","31001002133",22.36
"2020_566","31001002157",27.63
"2020_566","31001002167",21.62
"2020_566","31001002181",18.33
"2020_566","31001002187",16.17
"2020_566","31001002190",28.56
"2020_566","31001002191",23.35
"2020_566","31001002196",14.62
"2020_566","31001002197",17.96
"2020_566","31001002198",22.46
"2020_566","31001002205",16.05
"2020_567","31001002020",27.13
"2020_567","31001002070",23.56
"2020_567","31001002037",22.81
"2020_567","31001002029",27.38
"2020_567","31001002075",20.09
"2020_567","31001002094",13.39
"2020_567","31001002091",23.16
"2020_567","31001002110",25.85
"2020_567","31001002141",21.61
"2020_567","31001002133",21.61
"2020_567","31001002157",18.43
"2020_567","31001002167",24.27
"2020_567","31001002181",19.24
"2020_567","31001002187",16.59
"2020_567","31001002190",30.5
"2020_567","31001002191",25.39
"2020_567","31001002197",22.18
"2020_567","31001002198",28.52
"2020_568","31001002020",15.2
"2020_568","31001002070",18.42
"2020_568","31001002037",16.32
"2020_568","31001002029",13.36
"2020_568","31001002075",16.02
"2020_568","31001002091",15.96
"2020_568","31001002110",16.74
"2020_568","31001002141",15.35
"2020_568","31001002133",9.71
"2020_568","31001002157",16.7
"2020_568","31001002167",20.62
"2020_568","31001002187",15.38
"2020_568","31001002190",16.74
"2020_568","31001002191",16.86
"2020_568","31001002198",18.26
"2020_568","31001002205",19.85
"2020_568","31001002206",10.89
"2020_568","31001002231",5.05
"2020_568","31001002235",17.99
"2020_568","31001002240",11.68
"2020_568","31001002241",14.32
"2020_568","31001002247",13.22
"2020_569","31001002020",14.57
"2020_569","31001002070",26.35
"2020_569","31001002037",32.92
"2020_569","31001002029",23.6
"2020_569","31001002075",22.44
"2020_569","31001002091",18.8
"2020_569","31001002110",27.38
"2020_569","31001002141",23.67
"2020_569","31001002133",28.6
"2020_569","31001002157",23.81
"2020_569","31001002167",29.31
"2020_569","31001002187",21.63
"2020_569","31001002190",32.14
"2020_569","31001002191",45
"2020_569","31001002198",24.01
"2020_569","31001002205",35.15
"2020_569","31001002206",32.16
"2020_569","31001002231",21.46
"2020_569","31001002235",30.64
"2020_569","31001002241",20.02
"2020_569","31001002247",29.79
"2020_569","31001002209",16.19
"2020_569","31001002221",15.49
"2020_569","31001002229",8.85
"2020_569","31001002232",26.79
"2020_569","31001002233",17.6
"2020_569","31001002234",13.64
"2020_569","31001002238",5.91
"2020_569","31001002243",21.09
"2020_569","31001002244",13.39
"2020_569","31001002246",23.19
"2020_570","31001002020",36.97
"2020_570","31001002070",24.63
"2020_570","31001002037",26.08
"2020_570","31001002029",29.14
"2020_570","31001002075",22.45
"2020_570","31001002078",19.97
"2020_570","31001002091",20.64
"2020_570","31001002110",25.05
"2020_570","31001002141",36.04
"2020_570","31001002133",24.03
"2020_570","31001002144",16.38
"2020_570","31001002157",28.65
"2020_570","31001002167",35.97
"2020_570","31001002187",19.95
"2020_570","31001002190",23.59
"2020_570","31001002191",42.88
"2020_570","31001002198",15.07
"2020_570","31001002205",31.78
"2020_570","31001002206",28.66
"2020_570","31001002231",37.58
"2020_570","31001002235",25.36
"2020_570","31001002247",31.77
"2020_570","31001002209",26.92
"2020_570","31001002229",26.7
"2020_570","31001002232",26.98
"2020_570","31001002233",23.51
"2020_570","31001002234",25.42
"2020_570","31001002243",34.04
"2020_570","31001002244",23.43
"2020_570","31001002246",21.3
"2020_570","31001002248",22.87
"2020_570","31001002249",24.65
"2020_570","31001002250",23.59
"2020_570","31001002252",31.95
"2020_570","31001002254",20.52
"2020_570","31001002255",19.88
"2020_570","31001002256",14.83
"2020_570","31001002257",24.96
"2020_570","31001002260",8.73
"2020_570","31001002264",18.82
"2020_571","31001002020",48.19
"2020_571","31001002070",30.77
"2020_571","31001002037",37.69
"2020_571","31001002029",39.95
"2020_571","31001002075",29.08
"2020_571","31001002078",27.83
"2020_571","31001002091",29.41
"2020_571","31001002110",32.48
"2020_571","31001002141",36.72
"2020_571","31001002133",48.15
"2020_571","31001002144",19.56
"2020_571","31001002157",30.53
"2020_571","31001002167",64.27
"2020_571","31001002187",26.67
"2020_571","31001002190",33.87
"2020_571","31001002191",64.04
"2020_571","31001002198",18.7
"2020_571","31001002205",30.85
"2020_571","31001002206",29.5
"2020_571","31001002231",28.04
"2020_571","31001002235",30.81
"2020_571","31001002247",34.93
"2020_571","31001002209",29.05
"2020_571","31001002229",23.05
"2020_571","31001002232",29.15
"2020_571","31001002233",21.21
"2020_571","31001002234",30.87
"2020_571","31001002243",33.45
"2020_571","31001002244",30.54
"2020_571","31001002246",21.17
"2020_571","31001002248",33.43
"2020_571","31001002249",26.04
"2020_571","31001002250",27.89
"2020_571","31001002252",33.12
"2020_571","31001002254",29.28
"2020_571","31001002255",18.63
"2020_571","31001002256",23.52
"2020_571","31001002257",25.15
"2020_571","31001002264",18.74
"2020_571","31001002237",9.53
"2020_572","31001002020",36.24
"2020_572","31001002070",25.02
"2020_572","31001002037",31.22
"2020_572","31001002029",35.27
"2020_572","31001002075",25.48
"2020_572","31001002078",29.37
"2020_572","31001002091",31.91
"2020_572","31001002110",28.34
"2020_572","31001002141",24.04
"2020_572","31001002133",49.38
"2020_572","31001002157",22.9
"2020_572","31001002167",64.59
"2020_572","31001002187",25.44
"2020_572","31001002176",17.23
"2020_572","31001002190",26.21
"2020_572","31001002191",54.88
"2020_572","31001002198",25.74
"2020_572","31001002205",24.67
"2020_572","31001002206",32.29
"2020_572","31001002231",26.37
"2020_572","31001002235",19.7
"2020_572","31001002247",31.42
"2020_572","31001002209",22.28
"2020_572","31001002229",24.24
"2020_572","31001002232",10.64
"2020_572","31001002234",24.78
"2020_572","31001002243",24.73
"2020_572","31001002244",27.43
"2020_572","31001002246",25.61
"2020_572","31001002248",34.54
"2020_572","31001002249",27.8
"2020_572","31001002250",6.82
"2020_572","31001002252",25.12
"2020_572","31001002254",27.43
"2020_572","31001002255",23.31
"2020_572","31001002256",13.51
"2020_572","31001002257",20.3
"2020_572","31001002264",19.9
"2020_572","31001002275",30.33
"2020_572","31001002277",24.54
"2020_572","31001002279",24.03
"2020_572","31001002281",28.19
"2020_572","31001002282",22.67
"2020_572","31001002284",26.14
"2020_572","31001002286",20.1
"2020_572","31001002287",33.12
"2020_572","31001002289",19.52
"2020_573","31001002020",27.48
"2020_573","31001002070",25.96
"2020_573","31001002037",25.33
"2020_573","31001002029",29.85
"2020_573","31001002075",18.68
"2020_573","31001002078",29.06
"2020_573","31001002091",25.31
"2020_573","31001002110",33.15
"2020_573","31001002141",22.57
"2020_573","31001002133",32.78
"2020_573","31001002157",24.41
"2020_573","31001002167",39.75
"2020_573","31001002187",22.37
"2020_573","31001002190",19.27
"2020_573","31001002191",34.08
"2020_573","31001002198",25.61
"2020_573","31001002205",22.85
"2020_573","31001002206",24.61
"2020_573","31001002231",21.92
"2020_573","31001002235",21.77
"2020_573","31001002247",24.29
"2020_573","31001002209",25.26
"2020_573","31001002229",23.82
"2020_573","31001002234",27.4
"2020_573","31001002243",23.33
"2020_573","31001002244",19.01
"2020_573","31001002246",22.48
"2020_573","31001002248",31.11
"2020_573","31001002249",20.63
"2020_573","31001002252",23.57
"2020_573","31001002254",24.42
"2020_573","31001002255",24.61
"2020_573","31001002256",8.42
"2020_573","31001002257",23.02
"2020_573","31001002264",14.44
"2020_573","31001002275",29.8
"2020_573","31001002277",23.89
"2020_573","31001002279",27.66
"2020_573","31001002281",19.65
"2020_573","31001002282",22.46
"2020_573","31001002284",25.74
"2020_573","31001002286",18.39
"2020_573","31001002287",19.16
"2020_573","31001002289",17.22
"2020_574","31001002020",24.72
"2020_574","31001002070",14.66
"2020_574","31001002037",19.28
"2020_574","31001002029",29.88
"2020_574","31001002078",17.44
"2020_574","31001002091",16.57
"2020_574","31001002110",23.46
"2020_574","31001002141",15.58
"2020_574","31001002133",17.77
"2020_574","31001002157",13.55
"2020_574","31001002167",26.42
"2020_574","31001002187",18.68
"2020_574","31001002176",13.66
"2020_574","31001002190",32.08
"2020_574","31001002191",49.86
"2020_574","31001002198",18.94
"2020_574","31001002205",18.14
"2020_574","31001002206",13.18
"2020_574","31001002235",18.32
"2020_574","31001002247",24.42
"2020_574","31001002209",14.32
"2020_574","31001002229",18.54
"2020_574","31001002238",14.2
"2020_574","31001002243",15.37
"2020_574","31001002244",13.77
"2020_574","31001002246",13.43
"2020_574","31001002248",20.78
"2020_574","31001002249",15.46
"2020_574","31001002254",12.04
"2020_574","31001002255",13.85
"2020_574","31001002256",8.5
"2020_574","31001002257",14.93
"2020_574","31001002275",21.48
"2020_574","31001002279",17.09
"2020_574","31001002287",15.5
"2020_574","31001002289",17.38
"2020_574","31001002266",14.41
"2020_575","31001002020",27.71
"2020_575","31001002070",19.86
"2020_575","31001002037",30.88
"2020_575","31001002029",22.23
"2020_575","31001002075",16.5
"2020_575","31001002078",19.22
"2020_575","31001002091",14.72
"2020_575","31001002110",23.4
"2020_575","31001002141",28.34
"2020_575","31001002133",23.13
"2020_575","31001002157",13.37
"2020_575","31001002167",31.16
"2020_575","31001002187",22.83
"2020_575","31001002176",15.88
"2020_575","31001002190",27.01
"2020_575","31001002191",61.08
"2020_575","31001002198",25.13
"2020_575","31001002205",29.16
"2020_575","31001002206",39.76
"2020_575","31001002235",27.91
"2020_575","31001002247",31.7
"2020_575","31001002209",29.65
"2020_575","31001002229",16.9
"2020_575","31001002238",31.59
"2020_575","31001002243",24.4
"2020_575","31001002244",15.93
"2020_575","31001002246",24.33
"2020_575","31001002248",18.3
"2020_575","31001002249",14.66
"2020_575","31001002254",15.08
"2020_575","31001002255",20.54
"2020_575","31001002257",15.94
"2020_575","31001002237",14.3
"2020_575","31001002275",27.45
"2020_575","31001002279",16.1
"2020_575","31001002287",14.43
"2020_575","31001002289",16.65
"2020_575","31001002266",17.33
"2020_576","31001002020",37.45
"2020_576","31001002070",13.71
"2020_576","31001002037",37.04
"2020_576","31001002075",27
"2020_576","31001002078",27.57
"2020_576","31001002110",39.44
"2020_576","31001002141",37.17
"2020_576","31001002133",30.61
"2020_576","31001002144",17.08
"2020_576","31001002167",38.19
"2020_576","31001002187",25.17
"2020_576","31001002176",20.51
"2020_576","31001002190",28.84
"2020_576","31001002191",48.09
"2020_576","31001002198",26.49
"2020_576","31001002205",38.9
"2020_576","31001002206",19.42
"2020_576","31001002235",32.37
"2020_576","31001002247",36.38
"2020_576","31001002209",31.36
"2020_576","31001002238",32.54
"2020_576","31001002243",26.68
"2020_576","31001002244",21.75
"2020_576","31001002246",28.38
"2020_576","31001002248",22.36
"2020_576","31001002255",24.84
"2020_576","31001002237",10.51
"2020_576","31001002266",22.12
"2020_577","31001002020",34.75
"2020_577","31001002037",33.52
"2020_577","31001002075",24.54
"2020_577","31001002078",20.59
"2020_577","31001002110",44.26
"2020_577","31001002141",26.96
"2020_577","31001002133",28.96
"2020_577","31001002144",10.67
"2020_577","31001002167",39.28
"2020_577","31001002187",30.52
"2020_577","31001002176",13.38
"2020_577","31001002190",17.83
"2020_577","31001002191",47.66
"2020_577","31001002198",28.36
"2020_577","31001002205",33.63
"2020_577","31001002206",22.46
"2020_577","31001002235",35.27
"2020_577","31001002247",33.15
"2020_577","31001002209",23.25
"2020_577","31001002229",20.88
"2020_577","31001002238",27.35
"2020_577","31001002243",18.19
"2020_577","31001002244",29.46
"2020_577","31001002246",28.2
"2020_577","31001002248",10.45
"2020_577","31001002255",17.96
"2020_577","31001002266",20.45
"2020_578","31001002020",24.91
"2020_578","31001002070",17.59
"2020_578","31001002037",27.92
"2020_578","31001002075",32.99
"2020_578","31001002078",23.88
"2020_578","31001002110",29.28
"2020_578","31001002141",22.05
"2020_578","31001002133",35.27
"2020_578","31001002157",19.7
"2020_578","31001002167",38.32
"2020_578","31001002187",19.31
"2020_578","31001002176",9.11
"2020_578","31001002190",19.03
"2020_578","31001002191",57.14
"2020_578","31001002198",20.57
"2020_578","31001002205",25.28
"2020_578","31001002206",24.06
"2020_578","31001002235",20.1
"2020_578","31001002247",31.06
"2020_578","31001002209",19.62
"2020_578","31001002229",20.47
"2020_578","31001002238",26.77
"2020_578","31001002244",23.89
"2020_578","31001002246",20.29
"2020_578","31001002249",19.56
"2020_578","31001002250",26.34
"2020_578","31001002254",14.44
"2020_578","31001002284",15.84
"2020_578","31001002266",9.31
"2020_579","31001002020",23.45
"2020_579","31001002070",18.59
"2020_579","31001002037",26.16
"2020_579","31001002075",23.19
"2020_579","31001002078",20.06
"2020_579","31001002110",28.27
"2020_579","31001002141",30.94
"2020_579","31001002133",20.45
"2020_579","31001002157",28.2
"2020_579","31001002167",28.79
"2020_579","31001002187",18.91
"2020_579","31001002176",10.39
"2020_579","31001002190",18.97
"2020_579","31001002191",47.12
"2020_579","31001002198",11.67
"2020_579","31001002205",14.71
"2020_579","31001002206",20.97
"2020_579","31001002235",28.46
"2020_579","31001002247",23.02
"2020_579","31001002209",23.87
"2020_579","31001002229",14.32
"2020_579","31001002238",15.81
"2020_579","31001002243",8.58
"2020_579","31001002244",13.98
"2020_579","31001002246",25.07
"2020_579","31001002249",16.09
"2020_579","31001002250",21.1
"2020_579","31001002254",23.09
"2020_579","31001002284",19.74
"2020_579","31001002266",15.83
"2020_580","31001002020",21.56
"2020_580","31001002070",15.1
"2020_580","31001002037",18.9
"2020_580","31001002075",10.57
"2020_580","31001002110",20.83
"2020_580","31001002141",24.85
"2020_580","31001002133",21.5
"2020_580","31001002157",18.81
"2020_580","31001002167",26.12
"2020_580","31001002187",12.23
"2020_580","31001002176",9.3
"2020_580","31001002190",9.56
"2020_580","31001002191",52.49
"2020_580","31001002198",14.83
"2020_580","31001002205",19.95
"2020_580","31001002206",23.49
"2020_580","31001002235",25.94
"2020_580","31001002247",24.13
"2020_580","31001002209",26.11
"2020_580","31001002229",9.61
"2020_580","31001002238",21.55
"2020_580","31001002243",15.89
"2020_580","31001002244",18.8
"2020_580","31001002246",19.78
"2020_580","31001002249",22.24
"2020_580","31001002250",28.51
"2020_580","31001002252",9.92
"2020_580","31001002254",16.47
"2020_580","31001002257",9.35
"2020_580","31001002281",12.93
"2020_580","31001002284",18.48
"2020_580","31001002266",13.42
"2020_581","31001002020",24.04
"2020_581","31001002070",10.79
"2020_581","31001002037",14.44
"2020_581","31001002078",8.79
"2020_581","31001002110",14.02
"2020_581","31001002141",13.29
"2020_581","31001002133",19.48
"2020_581","31001002167",11.03
"2020_581","31001002187",15.68
"2020_581","31001002191",27.09
"2020_581","31001002198",12.25
"2020_581","31001002205",26.64
"2020_581","31001002206",23.94
"2020_581","31001002235",15.81
"2020_581","31001002247",19.98
"2020_581","31001002209",26.63
"2020_581","31001002229",8.46
"2020_581","31001002238",11.37
"2020_581","31001002243",14.52
"2020_581","31001002244",21.5
"2020_581","31001002246",10.04
"2020_581","31001002249",17.43
"2020_581","31001002250",29.45
"2020_581","31001002252",13.46
"2020_581","31001002254",9.94
"2020_581","31001002284",9.85
"2020_582","31001002020",30.42
"2020_582","31001002070",16.26
"2020_582","31001002037",23.2
"2020_582","31001002094",11.94
"2020_582","31001002110",23.06
"2020_582","31001002141",16.83
"2020_582","31001002133",25.39
"2020_582","31001002157",7.75
"2020_582","31001002167",16.83
"2020_582","31001002187",18.67
"2020_582","31001002176",10.6
"2020_582","31001002190",12.85
"2020_582","31001002198",12.44
"2020_582","31001002205",15.61
"2020_582","31001002206",8.7
"2020_582","31001002235",11.86
"2020_582","31001002247",25.61
"2020_582","31001002209",16.45
"2020_582","31001002229",11
"2020_582","31001002238",24.83
"2020_582","31001002244",13.9
"2020_582","31001002246",17.1
"2020_582","31001002249",9.95
"2020_582","31001002250",15.73
"2020_582","31001002252",12.43
"2020_582","31001002254",15.83
"2020_582","31001002284",11.33
"2020_582","31001002262",17.97
"2020_583","31001002020",12.79
"2020_583","31001002070",12.14
"2020_583","31001002037",15.91
"2020_583","31001002094",9.97
"2020_583","31001002110",14.03
"2020_583","31001002141",8.94
"2020_583","31001002133",14.11
"2020_583","31001002167",12.63
"2020_583","31001002187",10.7
"2020_583","31001002190",11.81
"2020_583","31001002198",6.9
"2020_583","31001002205",16.72
"2020_583","31001002247",18.13
"2020_583","31001002209",9.76
"2020_583","31001002238",19.48
"2020_583","31001002246",10.88
"2020_583","31001002254",8.13
"2020_583","31001002284",8.5
"2020_583","31001002262",24.75
"2020_584","31001002020",18.31
"2020_584","31001002070",10.62
"2020_584","31001002037",20.56
"2020_584","31001002075",14.05
"2020_584","31001002094",18.09
"2020_584","31001002110",26.77
"2020_584","31001002141",8.14
"2020_584","31001002133",20.48
"2020_584","31001002167",10.25
"2020_584","31001002187",20.22
"2020_584","31001002190",26.85
"2020_584","31001002198",16.04
"2020_584","31001002205",9.39
"2020_584","31001002206",12.48
"2020_584","31001002247",28.46
"2020_584","31001002209",12.59
"2020_584","31001002229",16.31
"2020_584","31001002233",16.62
"2020_584","31001002238",26.23
"2020_584","31001002244",21.61
"2020_584","31001002246",20.33
"2020_584","31001002249",11.69
"2020_584","31001002250",19.6
"2020_584","31001002254",8.74
"2020_584","31001002256",13.5
"2020_584","31001002284",13.21
"2020_584","31001002262",13.23
"2020_585","31001002020",20.24
"2020_585","31001002070",21.72
"2020_585","31001002037",12.55
"2020_585","31001002075",10.69
"2020_585","31001002094",22.69
"2020_585","31001002110",20.32
"2020_585","31001002141",15.68
"2020_585","31001002133",22.25
"2020_585","31001002167",30.05
"2020_585","31001002187",16.87
"2020_585","31001002190",29.03
"2020_585","31001002198",20.23
"2020_585","31001002206",18.02
"2020_585","31001002247",14.29
"2020_585","31001002209",17.98
"2020_585","31001002238",46.68
"2020_585","31001002243",14.7
"2020_585","31001002244",18.16
"2020_585","31001002246",17.43
"2020_585","31001002249",21.68
"2020_585","31001002250",13.31
"2020_585","31001002254",11.46
"2020_585","31001002256",12.26
"2020_585","31001002284",13.36
"2020_585","31001002262",5.12
"2020_586","31001002020",28.24
"2020_586","31001002070",16.97
"2020_586","31001002037",30.09
"2020_586","31001002094",19.1
"2020_586","31001002110",19.83
"2020_586","31001002141",13.95
"2020_586","31001002133",17.54
"2020_586","31001002167",19.27
"2020_586","31001002187",14.17
"2020_586","31001002190",22.86
"2020_586","31001002198",21.28
"2020_586","31001002206",17.17
"2020_586","31001002247",19.74
"2020_586","31001002209",22.18
"2020_586","31001002229",9.91
"2020_586","31001002238",25.23
"2020_586","31001002243",20.71
"2020_586","31001002244",16.8
"2020_586","31001002246",22.71
"2020_586","31001002249",19.38
"2020_586","31001002250",11.81
"2020_586","31001002254",14.99
"2020_586","31001002256",11
"2020_586","31001002284",13.98
"2020_587","31001002020",17.43
"2020_587","31001002070",14.45
"2020_587","31001002037",21.5
"2020_587","31001002094",15.01
"2020_587","31001002110",15.97
"2020_587","31001002141",13.77
"2020_587","31001002133",24.71
"2020_587","31001002167",16.75
"2020_587","31001002187",10.03
"2020_587","31001002190",12.01
"2020_587","31001002198",11.91
"2020_587","31001002206",10.64
"2020_587","31001002247",13.08
"2020_587","31001002209",21.89
"2020_587","31001002229",9.38
"2020_587","31001002238",20.39
"2020_587","31001002246",21.09
"2020_587","31001002256",11.05
"2020_587","31001002284",9.24
"2020_587","31001002266",9.74
"2020_588","31001002020",29.2
"2020_588","31001002070",13.78
"2020_588","31001002037",23.68
"2020_588","31001002075",12.75
"2020_588","31001002094",20.89
"2020_588","31001002110",27.22
"2020_588","31001002141",23.42
"2020_588","31001002133",23.1
"2020_588","31001002167",28.39
"2020_588","31001002187",15.84
"2020_588","31001002190",21.52
"2020_588","31001002198",14.09
"2020_588","31001002206",17.43
"2020_588","31001002235",12.56
"2020_588","31001002247",24.32
"2020_588","31001002209",20.45
"2020_588","31001002229",10.38
"2020_588","31001002233",9.79
"2020_588","31001002238",16.28
"2020_588","31001002244",10.02
"2020_588","31001002246",17.41
"2020_588","31001002249",16.42
"2020_588","31001002250",13.81
"2020_588","31001002256",17.77
"2020_588","31001002264",9.37
"2020_588","31001002286",16.6
"2020_588","31001002266",8.82
"2020_589","31001002020",30.25
"2020_589","31001002070",28.98
"2020_589","31001002037",21.56
"2020_589","31001002075",27.15
"2020_589","31001002094",19.42
"2020_589","31001002078",18.8
"2020_589","31001002110",37.56
"2020_589","31001002141",29.84
"2020_589","31001002133",37.79
"2020_589","31001002167",38.47
"2020_589","31001002187",25.18
"2020_589","31001002190",17.48
"2020_589","31001002198",21.04
"2020_589","31001002206",27.38
"2020_589","31001002235",15.44
"2020_589","31001002247",38.36
"2020_589","31001002209",24.63
"2020_589","31001002229",8.99
"2020_589","31001002233",18.69
"2020_589","31001002238",11.61
"2020_589","31001002246",18.23
"2020_589","31001002249",21.45
"2020_589","31001002284",10.61
"2020_589","31001002286",15.99
"2020_589","31001002225",16.74
